,accuracy,f1_score,balanced accuracy
l2-results_base,0.4051724137931034,0.4584516052457407,0.44347565543071166
l2-results_persona,0.5173160173160173,0.5688370044294182,0.5150401069518716
l2-results_cot,0.4752688172043011,0.5298795953343737,0.47398697107339227
