,accuracy,f1_score,balanced accuracy
l213B-GPTQ_b1,0.7023451593505713,0.7321535137795508,0.46318067671160457
l213B-GPTQ_b2,0.6103427540589297,0.6732219494166732,0.48065027755749407
