,accuracy,precision,recall,f1_score,bal accuracy,f2_score
l27b-meta_itspersonal,0.8685857321652065,0.828199168860032,0.8685857321652065,0.8379807327572958,0.5520851370851371,0.8551234360031073
l27b-meta_itspersonal_2,0.869837296620776,0.8140706994055469,0.869837296620776,0.8265079876627572,0.5202777777777777,0.8512337668759156
l27b-meta_itspersonalfewshot,0.13016270337922403,0.8184776472903024,0.13016270337922403,0.04101485025847472,0.5014033189033189,0.059909196774855525
