,accuracy,precision,recall,f1_score,bal accuracy,f2_score
l27b-meta_b1,0.780952380952381,0.773500215340145,0.780952380952381,0.7771871172793862,0.480990365689423,0.7794370752507569
l27b-meta_b2,0.6581956797966964,0.7626841474470232,0.6581956797966964,0.7039260929667538,0.4438816682471505,0.6747630303317638
l27b-meta_b1_2,0.7358730158730159,0.7723502199517523,0.7358730158730159,0.7532033769056212,0.47494302289443696,0.7425697629911818
l27b-meta_b2_2,0.5555555555555556,0.7542083178929195,0.5555555555555555,0.6303073286052009,0.4266808246141096,0.5791688798913622
l27b-meta_b1sys,0.7492063492063492,0.7697075005413541,0.7492063492063492,0.7591876918241328,0.4694266031285611,0.7531314400951926
l27b-meta_b2sys,0.5874125874125874,0.7554200484384426,0.5874125874125874,0.6545165138396566,0.42552007740686987,0.6098875288381239
l27b-meta_b1_2sys,0.6806349206349206,0.7646017837151088,0.6806349206349206,0.7183154655637786,0.452152180669222,0.6945659436066873
l27b-meta_b2_2sys,0.41867852604828465,0.7510117870476221,0.41867852604828465,0.5061939859274337,0.43487662929287296,0.43610387326054
