,accuracy,precision,recall,f1_score,bal accuracy,f2_score
mist7b-mist_itspersonal,0.7157169693174703,0.8193394038788354,0.7157169693174703,0.7557016884152622,0.6014451159197407,0.7280336610771903
mist7b-mist_itspersonal_2,0.6612398246712586,0.8096036066466289,0.6612398246712586,0.7155606215300025,0.5712454677302393,0.6768955819236001
mist7b-mist_itspersonalfewshot,0.5757196495619524,0.8236308974375284,0.5757196495619524,0.6475732157214398,0.599585137085137,0.5892973094706864
