,accuracy,f1_score,balanced accuracy
mist-results_base,0.5879828326180258,0.6216229626138083,0.46578014184397165
mist-results_persona,0.6008583690987125,0.6328144447473614,0.4822104018912529
mist-results_cot,0.5926724137931034,0.6234681752895745,0.4604575163398693
