,accuracy,precision,recall,f1_score,bal accuracy,f2_score
mist7b-mist_b1,0.8354510800508259,0.7871917966715336,0.8354510800508259,0.5035165940614317,0.5077752436243003,0.8241112139457029
mist7b-mist_b2,0.7406230133502861,0.7810224331728952,0.7406230133502861,0.4932729477753354,0.49535558780841804,0.7478408379792224
mist7b-mist_b1_2,0.8716645489199492,0.8033036848792885,0.8716645489199492,0.48467049175013777,0.5065756346079796,0.8498770002216093
mist7b-mist_b2_2,0.7890724269377383,0.7823636282883736,0.7890724269377383,0.49862607841331247,0.4987597850542013,0.7877054394462655
mist7b-mist_b1sys,0.8265565438373571,0.7861880952967323,0.8265565438373571,0.5044463537131753,0.5070717692011493,0.8173668539496799
mist7b-mist_b2sys,0.747141041931385,0.7799777595964793,0.747141041931385,0.4915244882388273,0.4924415685837006,0.7531504323794046
mist7b-mist_b1_2sys,0.8659466327827192,0.7793607967343764,0.8659466327827192,0.47333232899087363,0.49893368087438167,0.8445700486762384
mist7b-mist_b2_2sys,0.8087674714104193,0.781266740060684,0.8087674714104193,0.49458446012620083,0.49679068816124655,0.8028508394183372
