,accuracy,precision,recall,f1_score,bal accuracy,f2_score
dspy,0.5062578222778473,0.7486018323905617,0.5062578222778474,0.5902574916751184,0.4146789321789322,0.530786079351155
