,accuracy,precision,recall,f1_score,bal accuracy,f2_score
dspy,0.4970622796709753,0.7432796588847544,0.4970622796709753,0.5830214835756445,0.3996586151982988,0.5227159097429693
