,accuracy,precision,recall,f1_score,bal accuracy,f2_score
dspy,0.6408010012515645,0.7659223571743884,0.6408010012515645,0.6935877305374302,0.4524386724386724,0.659302281205313
