,accuracy,precision,recall,f1_score,bal accuracy,f2_score
mixt-4bit_itspersonalgenres,0.8310387984981227,0.8410455502102931,0.8310387984981227,0.8357643666933582,0.6412301587301588,0.8328574581933716
mixt-4bit_itspersonalpurelygenres,0.8704630788485607,0.8343804941803126,0.8704630788485607,0.8426949081792463,0.563997113997114,0.8581523105342315
mixt-4bit_itspersonalgenresnodesc,0.7390488110137672,0.8336189660728379,0.7390488110137672,0.7747630801673945,0.6407647907647908,0.7496682324249943
