,accuracy,precision,recall,f1_score,bal accuracy,f2_score
l2bnb_sysjson,0.6670918367346939,0.7793957166796094,0.6670918367346939,0.7137946616091544,0.4948979591836735,0.6830870327117328
