,accuracy,precision,recall,f1_score,bal accuracy,f2_score
mist7b-mist_itspersonalgenres,0.8321853475266124,0.820837859474969,0.8321853475266124,0.8261978038418343,0.5812069948953437,0.8297213887471392
mist7b-mist_itspersonalpurelygenres,0.8534752661239825,0.8314074384351204,0.8534752661239825,0.8405111014716841,0.5911906773236295,0.8479255549752321
mist7b-mist_itspersonalgenresnodesc,0.7528160200250313,0.8074993122207713,0.7528160200250313,0.7766932821586924,0.5662337662337662,0.7613670165570803
