,accuracy,precision,recall,f1_score,bal accuracy,f2_score
mist-noreply_gdpr_qa,0.17302798982188294,0.7059386526568185,0.17302798982188294,0.1471771961732501,0.4663314898609016,0.1282017280391215
mist-noreply_context1_qa,0.28144853875476494,0.8086217200758564,0.28144853875476494,0.3155334648082567,0.5261655460442523,0.2583407022597855
mist-noreply_context1_class,0.7371794871794872,0.7931308270352906,0.7371794871794872,0.7624921056859743,0.5135160386172533,0.7465627619295356
