,accuracy,precision,recall,f1_score,bal accuracy,f2_score
mist7b-mist_itspersonal,0.7157169693174703,0.8193394038788354,0.7157169693174703,0.7557016884152622,0.6014451159197407,0.7280336610771903
mist7b-mist_itspersonal_2,0.6612398246712586,0.8096036066466289,0.6612398246712586,0.7155606215300025,0.5712454677302393,0.6768955819236001
mist7b-mist_itspersonalfewshot,0.42991239048811014,0.8185804077214786,0.42991239048811014,0.5054606332258165,0.564069264069264,0.4327025426567561
