,accuracy,precision,recall,f1_score,bal accuracy,f2_score
mist7b-mist_itspersonalverbosecot,0.5269086357947435,0.8214790084414908,0.5269086357947435,0.6037859824780977,0.5869047619047618,0.5384556405768272
mist7b-mist_fewshotsim,0.3598247809762203,0.8303007822350821,0.3598247809762203,0.4196288392213359,0.5652633477633477,0.34934187845842646
