,accuracy,precision,recall,f1_score,bal accuracy,f2_score
mist7b-mist_itspersonal,0.6949685534591195,0.8163777275874946,0.6949685534591195,0.740687477725034,0.5927480039792873,0.7085990477738545
mist7b-mist_itspersonal_2,0.6555415617128464,0.8143927887111049,0.6555415617128464,0.7122822495783089,0.5797194160540756,0.6712646773464012
mist7b-mist_itspersonalfewshot,0.41989987484355445,0.8135310981707061,0.41989987484355445,0.49524145413318726,0.5540187590187591,0.4224999384184224
