,accuracy,precision,recall,f1_score,bal accuracy,f2_score
mist7b-mist_base_personal,0.5248091603053435,0.8156558205457903,0.5248091603053434,0.6022905484961981,0.5746885648846434,0.537353275347885
mist7b-mist_base_sens,0.7909783989834815,0.7735397820666009,0.7909783989834815,0.782042839712537,0.4823761144515861,0.7873550558250946
mist7b-mist_base2_sens,0.5266836086404066,0.7517800179935533,0.5266836086404066,0.6070580083187407,0.42333609786439974,0.5507776275959577
mist7b-mist_context_b1_sens,0.8456162642947903,0.7783441687049846,0.8456162642947903,0.807800028765977,0.4960753532182104,0.8298237520749911
mist7b-mist_context_b2_sens,0.6200762388818297,0.7560179171951238,0.6200762388818297,0.6772579123216547,0.428534403601789,0.6401421025286606
