,accuracy,precision,recall,f1_score,bal accuracy,f2_score
mist7b-mist_text,0.6043256997455471,0.7606246626906368,0.6043256997455471,0.6673587267878363,0.4395955533210435,0.625537598992794
mist7b-mist_text2,0.12946428571428573,0.6476494495647721,0.12946428571428573,0.04344881044831504,0.4919136459558892,0.06103530131937807
