,accuracy,precision,recall,f1_score,bal accuracy,f2_score
mist7b-mist_itspersonalpurely,0.784301212507977,0.811719585037384,0.784301212507977,0.7969291433635821,0.575467219854975,0.7890587091935848
mist7b-mist_itspersonalpurelygenres,0.8534752661239825,0.8314074384351204,0.8534752661239825,0.8405111014716841,0.5911906773236295,0.8479255549752321
mist7b-mist_itspersonalgenres,0.8321853475266124,0.820837859474969,0.8321853475266124,0.8261978038418343,0.5812069948953437,0.8297213887471392
mist7b-mist_itspersonalgenresnodesc,0.7528160200250313,0.8074993122207713,0.7528160200250313,0.7766932821586924,0.5662337662337662,0.7613670165570803
mist7b-mist_itspersonalbusinessdiff,0.8648310387984981,0.8206777733493463,0.8648310387984981,0.8333516108360759,0.543437950937951,0.8511101216762103
mist7b-mist_itspersonalverydiff,0.8748435544430538,0.8186278187785109,0.8748435544430538,0.8222197863692502,0.5079581529581529,0.852614518698264
