,accuracy,precision,recall,f1_score,bal accuracy,f2_score
mixt-4bit_itspersonal,0.8479349186483104,0.8129138075546304,0.8479349186483104,0.8270423829241021,0.5489718614718615,0.8390097659668765
mixt-4bit_itspersonal_2,0.8066332916145181,0.8095346232674409,0.8066332916145181,0.8080703409159394,0.5622582972582972,0.8072047892824366
mixt-4bit_itspersonalfewshot,0.6733416770963705,0.8372160560494629,0.6733416770963705,0.7272990340640046,0.6466269841269842,0.6859838297376953
